Register ,2021-05-10 01:02:23.3827518
Login ,2021-05-10 01:03:00.4776047
Login ,2021-05-10 12:25:33.5320632
Register :),2021-05-10 12:26:15.4147619
Login ,2021-05-10 12:26:26.1869825
Add Buyer,2021-05-10 12:26:33.7599641
Register :),2021-05-10 12:33:45.0263892
Login ,2021-05-10 12:34:00.9344607
Add Buyer,2021-05-10 12:34:11.9155349
Register :),2021-05-10 12:44:05.4443829
Login ,2021-05-10 12:44:25.7018916
Add Buyer,2021-05-10 12:44:30.751317
Register :),2021-05-10 13:01:22.3397259
Login ,2021-05-10 13:01:31.350512
Add Buyer,2021-05-10 13:01:41.8884909
Register :),2021-05-11 12:36:23.8246017
Register :),2021-05-12 16:24:43.1030808
Login ,2021-05-12 16:25:35.8745973
Register :),2021-05-12 16:26:10.2528044
Login ,2021-05-12 16:26:21.0195332
Add Buyer,2021-05-12 16:26:23.9819326
Login ,2021-05-12 16:27:30.5330574
Add Location,2021-05-12 16:27:37.0439358
Register :),2021-05-12 16:40:29.9519671
Login ,2021-05-12 16:40:48.5358453
Add Buyer,2021-05-12 16:40:52.363777
Register :),2021-05-12 16:41:37.8295779
Login ,2021-05-12 16:42:04.8594125
Add Organizer,2021-05-12 16:42:10.6620865
Login ,2021-05-12 19:35:29.080942
Add Location,2021-05-12 19:35:33.9665952
Register :),2021-05-12 19:39:51.700241
Login ,2021-05-12 19:40:04.8070108
Add Buyer,2021-05-12 19:40:07.7169516
Print Event,2021-05-12 19:40:30.7661737
Login ,2021-05-12 19:40:54.0937537
